"","idcode","age","race","married","never_married","grade","collgrad","south","smsa","c_city","industry","occupation","union","wage","hours","ttl_exp","tenure"
"1",4,43,"white","married",0,17,"college grad",0,"SMSA",0,"Professional Services","Other","union",9.03381252288818,42,13.211537361145,1.75
"2",6,42,"white","married",0,12,"not college grad",0,"SMSA",0,"Manufacturing","Operatives","nonunion",8.08373069763184,48,17.8205127716064,17.75
"3",22,41,"white","married",0,15,"not college grad",0,"SMSA",0,"Professional Services","Professional/technical","nonunion",9.0579719543457,32,15.0128211975098,3
"4",23,42,"white","married",0,15,"college grad",0,"nonSMSA",0,"Professional Services","Professional/technical","nonunion",8.05152988433838,45,15.346155166626,8.08333301544189
"5",24,41,"white","married",0,14,"college grad",0,"SMSA",0,"Professional Services","Professional/technical","nonunion",11.0950059890747,24,16.4679470062256,3.41666674613953
"6",25,42,"white","married",0,14,"college grad",0,"SMSA",1,"Professional Services","Professional/technical","nonunion",9.5813159942627,40,17.75,5.41666650772095
"7",44,41,"white","married",0,18,"college grad",0,"SMSA",0,"Public Administration","Professional/technical","union",28.4566593170166,35,16.2051277160645,3.5
"8",46,44,"white","married",0,18,"college grad",0,"SMSA",0,"Professional Services","Sales","nonunion",3.05152893066406,25,5.54487180709839,2.91666674613953
"9",57,42,"white","married",0,12,"not college grad",0,"SMSA",1,"Wholesale/Retail Trade","Sales","nonunion",5.78099584579468,40,12.8461542129517,7.25
"10",80,45,"white","married",0,14,"not college grad",0,"SMSA",0,"Professional Services","Sales","nonunion",12.0772953033447,8,5.71794891357422,0
"11",104,41,"white","married",0,17,"college grad",0,"SMSA",0,"Professional Services","Other","nonunion",3.74395942687988,18,8.94871807098389,2.75
"12",105,41,"white","married",0,16,"college grad",0,"SMSA",0,"Wholesale/Retail Trade","Sales","nonunion",4.02576494216919,8,8.78846168518066,5.58333349227905
"13",110,45,"white","married",0,12,"not college grad",0,"SMSA",0,"Professional Services","Sales","union",4.71014356613159,20,6.66025638580322,2.58333325386047
"14",130,43,"white","married",0,12,"not college grad",0,"SMSA",0,"Manufacturing","Sales","nonunion",5.60035800933838,40,6.1538462638855,0.666666686534882
"15",134,42,"white","married",0,12,"not college grad",0,"SMSA",0,"Public Administration","Managers/admin","nonunion",4.64573001861572,30,6.12820529937744,1.5
"16",142,43,"white","married",0,18,"college grad",0,"SMSA",0,"Professional Services","Professional/technical","union",15.4830904006958,40,15.1153841018677,5.75
"17",144,43,"white","married",0,10,"not college grad",1,"SMSA",0,"Ag/Forestry/Fisheries","Sales","nonunion",3.62318849563599,40,14.3269233703613,0.333333343267441
"18",168,41,"white","married",0,17,"college grad",1,"SMSA",0,"Professional Services","Other","nonunion",7.7455677986145,40,11.3012819290161,3.83333325386047
"19",172,44,"white","married",0,15,"college grad",0,"SMSA",1,"Professional Services","Professional/technical","nonunion",10.8695659637451,30,17.8333339691162,3.41666674613953
"20",184,41,"white","married",0,12,"not college grad",0,"SMSA",0,"Professional Services","Sales","nonunion",8.29307270050049,40,13.7884616851807,12.0833330154419
"21",188,41,"white","married",0,12,"not college grad",0,"SMSA",0,"Manufacturing","Sales","union",9.67793560028076,40,13.269229888916,8.41666698455811
"22",203,41,"white","married",0,11,"not college grad",1,"SMSA",1,"Finance/Ins/Real Estate","Clerical/unskilled","nonunion",8.4541072845459,24,19.0064105987549,3.16666674613953
"23",228,42,"white","married",0,16,"college grad",1,"SMSA",0,"Finance/Ins/Real Estate","Sales","nonunion",4.02576494216919,15,4.98076915740967,0.333333343267441
"24",231,42,"white","married",0,16,"college grad",0,"SMSA",0,"Business/Repair Svc","Sales","nonunion",18.0676250457764,30,10.5897426605225,9.83333301544189
"25",250,44,"white","married",0,18,"college grad",1,"SMSA",0,"Professional Services","Other","nonunion",7.68115329742432,50,9.06410312652588,3.91666674613953
"26",255,45,"black","married",0,14,"not college grad",0,"SMSA",1,"Transport/Comm/Utility","Sales","nonunion",4.02576494216919,40,24.75,24.75
"27",261,41,"white","married",0,12,"not college grad",0,"SMSA",0,"Professional Services","Sales","union",4.25925731658936,40,5.36538410186768,2.83333325386047
"28",273,42,"white","married",0,12,"not college grad",0,"SMSA",0,"Business/Repair Svc","Laborers",NA,3.55351185798645,20,9.01923084259033,0.333333343267441
"29",287,41,"white","married",0,12,"not college grad",0,"SMSA",0,"Professional Services","Laborers","union",4.863121509552,15,5.51923084259033,0.75
"30",289,44,"white","married",0,12,"not college grad",0,"nonSMSA",0,"Construction","Sales",NA,2.80100202560425,46,19.134614944458,0.75
"31",296,44,"white","married",0,12,"not college grad",0,"SMSA",0,"Professional Services","Laborers","nonunion",8.80836963653564,32,15.2307691574097,11.4166669845581
"32",319,45,"white","married",0,12,"not college grad",0,"SMSA",0,"Professional Services","Laborers","union",4.49275207519531,18,8.34615421295166,2.66666674613953
"33",324,44,"white","married",0,12,"not college grad",0,"SMSA",0,"Wholesale/Retail Trade","Sales",NA,5.85284280776978,25,7.36538457870483,0.916666686534882
"34",338,41,"white","married",0,14,"not college grad",0,"nonSMSA",0,"Professional Services","Sales","nonunion",7.24637746810913,18,9.01923084259033,1.33333337306976
"35",341,41,"black","married",0,14,"not college grad",0,"SMSA",0,"Wholesale/Retail Trade","Sales","nonunion",11.972620010376,40,17.6025619506836,6.16666650772095
"36",345,45,"white","married",0,12,"not college grad",0,"SMSA",0,"Professional Services","Sales","nonunion",8.80836963653564,32,10.1987180709839,5.08333349227905
"37",356,43,"white","married",0,16,"college grad",0,"SMSA",0,"Business/Repair Svc","Managers/admin","nonunion",7.31883811950684,40,10.4038467407227,9.75
"38",358,45,"white","married",0,12,"not college grad",0,"SMSA",0,"Finance/Ins/Real Estate","Managers/admin","nonunion",8.05152988433838,40,24.4743576049805,17.4166660308838
"39",359,44,"white","married",0,14,"not college grad",0,"SMSA",0,"Professional Services","Professional/technical","nonunion",10.8373575210571,40,15.057692527771,6
"40",384,41,"white","married",0,13,"not college grad",0,"SMSA",0,"Professional Services","Other","nonunion",4.8309178352356,25,7.13461589813232,NA
"41",392,43,"white","married",0,8,"not college grad",0,"SMSA",0,"Manufacturing","Operatives","union",8.05152988433838,40,8.86538505554199,2.75
"42",429,43,"white","married",0,13,"not college grad",1,"SMSA",0,"Professional Services","Sales","nonunion",7.7455677986145,40,5.85256385803223,3.08333325386047
"43",433,43,"white","married",0,13,"not college grad",0,"SMSA",0,"Finance/Ins/Real Estate","Clerical/unskilled","nonunion",6.65861225128174,40,13.2756404876709,1.83333337306976
"44",441,42,"white","married",0,9,"not college grad",0,"SMSA",0,"Personal Services","Laborers","nonunion",7.24637746810913,16,1.92307698726654,0.0833333358168602
"45",449,45,"white","married",0,14,"not college grad",0,"SMSA",0,"Professional Services","Sales","nonunion",8.62318897247314,42,8.807692527771,6.91666650772095
"46",460,42,"white","married",0,13,"not college grad",0,"nonSMSA",0,"Ag/Forestry/Fisheries","Sales",NA,3.09912514686584,3,6.9038462638855,1.5
"47",477,42,"white","married",0,12,"not college grad",0,"nonSMSA",0,"Wholesale/Retail Trade","Sales","nonunion",3.09983777999878,30,10.3525638580322,2.25
"48",483,42,"white","married",0,12,"not college grad",0,"nonSMSA",0,"Wholesale/Retail Trade","Sales","nonunion",5.0322060585022,40,5.75640964508057,3
"49",488,43,"white","married",0,16,"college grad",1,"SMSA",1,"Wholesale/Retail Trade","Clerical/unskilled","nonunion",12.3832502365112,25,8.01282024383545,1
"50",504,43,"white","married",0,16,"college grad",0,"SMSA",0,"Professional Services","Other","union",10.3220596313477,60,15.0576915740967,14.4166669845581
"51",518,43,"white","married",0,12,"not college grad",0,"nonSMSA",0,"Wholesale/Retail Trade","Managers/admin","nonunion",6.81159353256226,40,16.9294872283936,16.9166660308838
"52",522,41,"white","married",0,14,"not college grad",0,"SMSA",1,"Professional Services","Managers/admin","nonunion",5.45088338851929,40,9.57692337036133,6.91666650772095
"53",540,42,"white","married",0,9,"not college grad",0,"SMSA",0,"Wholesale/Retail Trade","Laborers","union",3.45410394668579,35,7.73076915740967,4.16666650772095
"54",562,44,"black","married",0,12,"not college grad",0,"SMSA",1,"Wholesale/Retail Trade","Sales","nonunion",8.37358665466309,37,8.12179470062256,1.41666662693024
"55",588,45,"white","married",0,16,"college grad",0,"SMSA",0,"Professional Services","Other","union",8.90499114990234,40,4.25,2.08333325386047
"56",604,43,"white","married",0,12,"not college grad",0,"nonSMSA",0,"Business/Repair Svc","Sales","nonunion",4.18060207366943,40,2.80769228935242,0.833333313465118
"57",606,42,"white","married",0,16,"college grad",0,"SMSA",1,"Finance/Ins/Real Estate","Clerical/unskilled",NA,1.83762681484222,35,17.1987171173096,1.08333337306976
"58",608,45,"white","married",0,16,"college grad",1,"SMSA",1,"Wholesale/Retail Trade","Clerical/unskilled",NA,8.6914758682251,37,9.30128192901611,1.83333337306976
"59",617,42,"white","married",0,17,"college grad",0,"SMSA",0,"Professional Services","Other","union",19.9114284515381,35,14.75,14.75
"60",624,45,"white","married",0,12,"not college grad",0,"SMSA",0,"Wholesale/Retail Trade","Clerical/unskilled","nonunion",10.0644130706787,40,9.58333301544189,4.83333349227905
"61",646,42,"white","married",0,16,"college grad",0,"SMSA",0,"Business/Repair Svc","Sales","nonunion",15.0966196060181,20,18.769229888916,15.6666669845581
"62",654,44,"white","married",0,14,"not college grad",1,"SMSA",0,"Finance/Ins/Real Estate","Managers/admin",NA,7.73411417007446,40,11.25,2.33333325386047
"63",656,42,"white","married",0,10,"not college grad",0,"SMSA",0,"Public Administration","Sales","nonunion",5.636070728302,28,7.32692289352417,2.08333325386047
"64",664,42,"white","married",0,12,"not college grad",0,"SMSA",0,"Wholesale/Retail Trade","Sales","nonunion",3.62318849563599,27,6.36538505554199,1.58333337306976
"65",671,45,"white","married",0,12,"not college grad",1,"SMSA",0,"Manufacturing","Sales","nonunion",5.23349475860596,40,11.7884616851807,1.66666662693024
"66",681,41,"black","married",0,12,"not college grad",0,"SMSA",0,"Finance/Ins/Real Estate","Sales","nonunion",6.19162511825562,40,11.0128211975098,3.91666674613953
"67",683,45,"white","married",0,17,"college grad",0,"SMSA",0,"Manufacturing","Managers/admin","nonunion",12.777774810791,40,10.5512828826904,6.58333349227905
"68",691,45,"white","married",0,12,"not college grad",0,"SMSA",0,"Transport/Comm/Utility","Sales","nonunion",16.2962894439697,38,14.7692308425903,13.0833330154419
"69",692,45,"white","married",0,12,"not college grad",0,"SMSA",0,"Business/Repair Svc","Laborers","nonunion",5.0322060585022,16,8.41025638580322,3.83333325386047
"70",693,41,"white","married",0,12,"not college grad",0,"SMSA",0,"Public Administration","Sales",NA,4.42178916931152,40,7.68589735031128,2.33333325386047
"71",696,43,"white","married",0,14,"not college grad",0,"SMSA",0,"Professional Services","Sales","union",5.6763277053833,35,11.7243585586548,6.41666650772095
"72",697,41,"white","married",0,14,"not college grad",0,"SMSA",0,"Professional Services","Laborers","union",9.0579719543457,40,15.4807691574097,1.33333337306976
"73",730,44,"white","married",0,12,"not college grad",0,"SMSA",0,"Transport/Comm/Utility","Craftsmen","union",6.70692014694214,60,14.2051286697388,5.33333349227905
"74",731,42,"white","married",0,12,"not college grad",1,"nonSMSA",0,"Public Administration","Laborers",NA,2.23271107673645,16,17.5,7.08333349227905
"75",737,41,"white","married",0,17,"college grad",0,"SMSA",0,"Professional Services","Other","nonunion",9.99999809265137,30,13.0064105987549,6.75
"76",761,41,"black","married",0,13,"not college grad",0,"SMSA",0,"Public Administration","Sales","union",13.2689161300659,35,18.7179470062256,18.6666660308838
"77",764,44,"black","married",0,11,"not college grad",0,"SMSA",0,"Professional Services","Professional/technical","nonunion",8.14814472198486,38,15.3782043457031,7
"78",769,41,"white","married",0,12,"not college grad",0,"SMSA",0,"Wholesale/Retail Trade","Sales","nonunion",20.1288261413574,10,13.2692308425903,0
"79",784,44,"white","married",0,16,"college grad",1,"SMSA",1,"Professional Services","Other","union",10.0644130706787,40,15.0769233703613,10.5
"80",795,44,"black","married",0,10,"not college grad",0,"SMSA",0,"Transport/Comm/Utility","Sales","nonunion",11.6103048324585,40,15.3269233703613,10.1666669845581
"81",817,43,"black","married",0,11,"not college grad",0,"SMSA",0,"Professional Services","Sales","nonunion",4.22705316543579,35,5.25,0.5
"82",824,44,"white","married",0,10,"not college grad",0,"nonSMSA",0,"Manufacturing","Operatives","nonunion",6.44122409820557,40,14.0833330154419,14.0833330154419
"83",825,43,"white","married",0,18,"college grad",0,"SMSA",0,"Professional Services","Other","union",13.7600622177124,45,18.75,18.75
"84",834,43,"white","married",0,12,"not college grad",1,"SMSA",0,NA,"Managers/admin","nonunion",6.19162511825562,50,19.6025638580322,3.75
"85",870,45,"white","married",0,10,"not college grad",0,"nonSMSA",0,"Professional Services","Operatives","union",4.64573001861572,15,6.35897445678711,2.75
"86",874,41,"white","married",0,12,"not college grad",1,"SMSA",1,"Transport/Comm/Utility","Sales","union",4.68599033355713,40,6.49358987808228,2.91666674613953
"87",881,41,"white","married",0,17,"college grad",0,"SMSA",0,"Public Administration","Professional/technical","union",10.6199626922607,35,7.94871807098389,7.91666650772095
"88",884,41,"white","married",0,12,"not college grad",0,"SMSA",0,"Public Administration","Sales","nonunion",6.96456813812256,40,11.2884616851807,3.16666674613953
"89",916,41,"white","married",0,18,"college grad",0,"SMSA",0,"Professional Services","Professional/technical","nonunion",16.1755199432373,45,15.1282052993774,4.66666650772095
"90",929,44,"white","married",0,18,"college grad",0,"SMSA",1,"Professional Services","Other","union",11.6103048324585,40,17.4551277160645,15.8333330154419
"91",932,42,"white","married",0,12,"not college grad",0,"SMSA",1,"Professional Services","Sales","union",6.36876010894775,35,18.0705127716064,11.9166669845581
"92",940,44,"white","married",0,11,"not college grad",0,"nonSMSA",0,"Manufacturing","Operatives","union",6.63445901870728,35,20.3461532592773,20.3333339691162
"93",942,45,"white","married",0,12,"not college grad",0,"SMSA",0,"Wholesale/Retail Trade","Laborers","nonunion",4.02576494216919,20,15.9230766296387,14.9166669845581
"94",943,45,"white","married",0,12,"not college grad",1,"nonSMSA",0,"Public Administration","Household workers",NA,6.16747140884399,32,9.61538505554199,2.58333325386047
"95",947,41,"white","married",0,17,"college grad",1,"SMSA",0,"Professional Services","Other",NA,9.11156463623047,60,16.9679489135742,15.75
"96",949,41,"white","married",0,13,"not college grad",0,"nonSMSA",0,"Professional Services","Laborers","nonunion",4.14653587341309,40,5.442307472229,3.83333325386047
"97",956,41,"white","married",0,10,"not college grad",0,"nonSMSA",0,"Public Administration","Craftsmen","union",7.00482845306396,20,5.5961537361145,0.75
"98",965,44,"white","married",0,13,"not college grad",0,"nonSMSA",0,"Manufacturing","Sales","nonunion",6.88405466079712,45,15.4294881820679,13.5
"99",969,42,"white","married",0,12,"not college grad",1,"SMSA",0,"Professional Services","Professional/technical","nonunion",10.4508819580078,40,13.8461542129517,1.91666662693024
"100",977,44,"white","married",0,18,"college grad",0,"nonSMSA",0,"Wholesale/Retail Trade","Laborers","nonunion",11.5056304931641,35,10.3589744567871,0
"101",978,44,"white","married",0,10,"not college grad",0,"nonSMSA",0,"Professional Services","Laborers","union",5.0322060585022,40,9.15384578704834,7.58333349227905
"102",991,41,"white","married",0,15,"not college grad",0,"nonSMSA",0,"Professional Services","Professional/technical","union",11.5136842727661,40,20.2051277160645,20.1666660308838
"103",993,41,"white","married",0,15,"college grad",0,"nonSMSA",0,"Professional Services","Professional/technical","union",14.0338106155396,40,20.8012809753418,20.75
"104",998,41,"white","married",0,12,"not college grad",0,"SMSA",0,"Public Administration","Sales",NA,5.9364538192749,40,4.76923084259033,0.25
"105",1001,45,"white","married",0,12,"not college grad",0,"nonSMSA",0,"Professional Services","Laborers",NA,4.38963222503662,40,11.192307472229,4.08333349227905
"106",1014,45,"white","married",0,13,"not college grad",0,"SMSA",0,"Finance/Ins/Real Estate","Managers/admin","nonunion",8.5587739944458,40,13.8461542129517,1
"107",1016,41,"white","married",0,16,"college grad",0,"SMSA",0,"Professional Services","Other","nonunion",5.0322060585022,25,11.615385055542,1.75
"108",1017,44,"white","married",0,13,"not college grad",0,"SMSA",1,"Wholesale/Retail Trade","Sales","nonunion",7.04508829116821,28,17.1858959197998,3.41666674613953
"109",1018,43,"white","married",0,12,"not college grad",0,"SMSA",1,"Business/Repair Svc","Sales",NA,4.43143749237061,40,1.91666674613953,0
"110",1023,43,"black","married",0,14,"not college grad",0,"SMSA",0,"Finance/Ins/Real Estate","Managers/admin","nonunion",10.966178894043,45,16.7692317962646,3.91666674613953
"111",1034,45,"black","married",0,12,"not college grad",0,"SMSA",1,"Public Administration","Sales","nonunion",5.636070728302,40,12.884614944458,9.16666698455811
"112",1041,41,"black","married",0,12,"not college grad",1,"SMSA",1,"Professional Services","Laborers","nonunion",5.0322060585022,40,14.6666669845581,14.6666669845581
"113",1045,44,"white","married",0,16,"college grad",0,"SMSA",0,"Transport/Comm/Utility","Managers/admin","nonunion",15.8132019042969,47,12.7115383148193,9
"114",1055,44,"white","married",0,17,"college grad",0,"SMSA",1,"Professional Services","Other","nonunion",3.09983777999878,15,11.5769233703613,7.33333349227905
"115",1066,43,"white","married",0,16,"college grad",0,"SMSA",1,"Professional Services","Other","nonunion",5.83735942840576,26,3.41666674613953,3.41666674613953
"116",1076,41,"white","married",0,16,"college grad",0,"nonSMSA",0,"Professional Services","Other","nonunion",6.96456813812256,40,11.807692527771,NA
"117",1078,43,"white","married",0,12,"not college grad",0,"SMSA",0,"Public Administration","Sales","union",6.03864765167236,40,14.1346158981323,9.41666698455811
"118",1084,41,"white","married",0,14,"not college grad",0,"SMSA",1,"Business/Repair Svc","Laborers","nonunion",2.68115949630737,30,6.63461542129517,2.08333325386047
"119",1087,44,"white","married",0,12,"not college grad",0,"SMSA",0,"Transport/Comm/Utility","Operatives","union",11.1191596984863,20,14.7756404876709,10.4166669845581
"120",1091,41,"black","married",0,15,"not college grad",1,"SMSA",0,"Public Administration","Sales","nonunion",9.67793560028076,40,19.5,9.08333301544189
"121",1119,44,"white","married",0,12,"not college grad",0,"SMSA",0,"Professional Services","Laborers","nonunion",2.32689166069031,40,11.3782062530518,5
"122",1131,41,"white","married",0,12,"not college grad",0,"SMSA",0,"Personal Services","Laborers",NA,4.18060207366943,10,4.6538462638855,0.5
"123",1147,42,"white","married",0,10,"not college grad",0,"nonSMSA",0,"Wholesale/Retail Trade","Managers/admin",NA,5.01672267913818,40,9.43589782714844,0.833333313465118
"124",1150,43,"white","married",0,12,"not college grad",0,"SMSA",1,"Transport/Comm/Utility","Operatives","union",7.93075561523438,40,12.134614944458,3.16666674613953
"125",1218,41,"white","married",0,12,"not college grad",0,"SMSA",0,"Personal Services","Sales","nonunion",4.42834138870239,26,6.73076915740967,1.58333337306976
"126",1224,41,"other","married",0,15,"not college grad",0,"SMSA",1,"Professional Services","Sales","nonunion",6.51368474960327,38,2.57051277160645,0.75
"127",1238,43,"black","married",0,16,"college grad",0,"SMSA",1,"Finance/Ins/Real Estate","Laborers",NA,13.0163249969482,10,5.942307472229,1.5
"128",1248,41,"white","married",0,18,"college grad",0,"SMSA",1,"Professional Services","Other","union",10.8454065322876,36,10.692307472229,5.75
"129",1259,42,"white","married",0,12,"not college grad",0,"SMSA",0,"Business/Repair Svc","Sales",NA,8.5284252166748,40,6.25,1.91666662693024
"130",1263,42,"white","married",0,12,"not college grad",0,"nonSMSA",0,"Wholesale/Retail Trade","Clerical/unskilled","nonunion",3.50241422653198,40,8.692307472229,1.58333337306976
"131",1271,42,"white","married",0,12,"not college grad",0,"SMSA",0,"Professional Services","Laborers","nonunion",3.76254153251648,5,6.78846168518066,0.75
"132",1275,42,"black","married",0,12,"not college grad",0,"SMSA",1,"Professional Services","Professional/technical","union",8.5587739944458,40,16.480770111084,11.5
"133",1304,43,"white","married",0,15,"not college grad",0,"SMSA",0,"Personal Services","Managers/admin","nonunion",5.50724363327026,45,9.61538505554199,6.25
"134",1309,42,"white","married",0,16,"college grad",0,"nonSMSA",0,"Professional Services","Sales","nonunion",3.90499091148376,20,12.9038467407227,3.25
"135",1320,43,"white","married",0,12,"not college grad",0,"SMSA",0,"Professional Services","Laborers",NA,4.02576494216919,3,2.51923084259033,0
"136",1339,41,"white","married",0,12,"not college grad",0,"SMSA",0,"Transport/Comm/Utility","Sales","nonunion",8.05152988433838,30,13.884614944458,10.6666669845581
"137",1340,43,"white","married",0,12,"not college grad",0,"SMSA",0,"Professional Services","Sales",NA,5.85284280776978,28,4.57692289352417,1
"138",1358,42,"white","married",0,12,"not college grad",0,"nonSMSA",0,"Finance/Ins/Real Estate","Clerical/unskilled","nonunion",10.3220596313477,60,12.1410264968872,2.08333325386047
"139",1361,41,"white","married",0,17,"college grad",0,"SMSA",0,"Manufacturing","Managers/admin","nonunion",17.028980255127,40,17.884614944458,2.16666674613953
"140",1366,42,"white","married",0,12,"not college grad",0,"SMSA",0,"Wholesale/Retail Trade","Laborers",NA,3.34448170661926,33,14.3397426605225,1.33333337306976
"141",1367,43,"white","married",0,15,"not college grad",0,"nonSMSA",0,"Wholesale/Retail Trade","Sales","nonunion",4.02576494216919,40,13.6666669845581,13.6666669845581
"142",1373,43,"black","married",0,11,"not college grad",0,"SMSA",1,"Professional Services","Sales","union",12.7533779144287,40,14.1410264968872,6.83333349227905
"143",1381,44,"black","married",0,12,"not college grad",0,"SMSA",0,"Manufacturing","Operatives","union",11.2721424102783,40,21,20.9166660308838
"144",1384,43,"white","married",0,12,"not college grad",0,"SMSA",0,"Wholesale/Retail Trade","Sales","nonunion",3.22061204910278,20,5.17307710647583,2.33333325386047
"145",1396,41,"white","married",0,18,"college grad",0,"SMSA",0,"Professional Services","Other","union",16.2560291290283,40,18.8333339691162,18.8333339691162
"146",1435,44,"white","married",0,15,"not college grad",1,"SMSA",0,"Professional Services","Managers/admin","nonunion",8.90499114990234,40,13.6987180709839,2.25
"147",1479,43,"white","married",0,16,"college grad",0,"SMSA",1,"Professional Services","Other","nonunion",6.63445901870728,35,14.8525648117065,13.6666669845581
"148",1515,44,"white","married",0,16,"college grad",0,"SMSA",0,"Professional Services","Sales","union",6.23188209533691,25,4.4038462638855,2.16666674613953
"149",1519,44,"white","married",0,16,"college grad",0,"nonSMSA",0,"Public Administration","Sales",NA,4.59866189956665,40,8.57692337036133,0.916666686534882
"150",1520,41,"white","married",0,12,"not college grad",1,"SMSA",1,"Manufacturing","Managers/admin","nonunion",11.88405418396,43,18.4230766296387,7.16666650772095
"151",1525,43,"white","married",0,12,"not college grad",0,"SMSA",0,"Professional Services","Laborers",NA,4.41370058059692,35,7.76923084259033,0.75
"152",1526,42,"white","married",0,11,"not college grad",0,"SMSA",0,"Personal Services","Transport","nonunion",3.3011257648468,30,2.12179493904114,0.75
"153",1542,43,"white","married",0,12,"not college grad",0,"SMSA",1,"Finance/Ins/Real Estate","Sales","nonunion",4.38808155059814,40,14.9166660308838,4.41666650772095
"154",1543,43,"white","married",0,18,"college grad",0,"nonSMSA",0,"Professional Services","Professional/technical","union",10.4508819580078,40,7.06410217285156,3.83333325386047
"155",1562,42,"white","married",0,14,"not college grad",1,"SMSA",1,"Professional Services","Sales","nonunion",6.22383213043213,55,16.4423084259033,4.25
"156",1577,41,"black","married",0,15,"not college grad",0,"SMSA",1,"Personal Services","Sales","nonunion",3.28502249717712,24,6.23076963424683,NA
"157",1588,43,"white","married",0,13,"not college grad",0,"nonSMSA",0,"Ag/Forestry/Fisheries","Sales","nonunion",4.02576494216919,24,10.0833339691162,0.16666667163372
"158",1595,41,"white","married",0,14,"not college grad",0,"SMSA",0,"Finance/Ins/Real Estate","Sales","nonunion",7.53622579574585,38,14.9807691574097,7.41666650772095
"159",1599,42,"white","married",0,16,"college grad",1,"SMSA",0,"Professional Services","Managers/admin","nonunion",12.3832502365112,50,18.4294853210449,11.1666669845581
"160",1600,42,"white","married",0,11,"not college grad",0,"SMSA",0,"Personal Services","Operatives","nonunion",3.62318849563599,53,15.1987171173096,3.41666674613953
"161",1603,45,"white","married",0,7,"not college grad",0,"nonSMSA",0,"Professional Services","Laborers","nonunion",3.71175289154053,38,3.91025638580322,1.75
"162",1614,42,"white","married",0,12,"not college grad",1,"SMSA",1,"Entertainment/Rec Svc","Sales","nonunion",3.34448170661926,40,3.39102554321289,1
"163",1623,41,"white","married",0,12,"not college grad",0,"nonSMSA",0,"Wholesale/Retail Trade","Managers/admin","nonunion",4.54911231994629,40,9.61538505554199,6
"164",1638,41,"white","married",0,13,"not college grad",0,"nonSMSA",0,"Wholesale/Retail Trade","Clerical/unskilled","nonunion",3.87278389930725,26,7.64743614196777,4.33333349227905
"165",1649,42,"white","married",0,16,"college grad",1,"SMSA",0,"Business/Repair Svc","Professional/technical",NA,13.3779258728027,36,16.0384616851807,2.66666674613953
"166",1651,41,"white","married",0,15,"not college grad",0,"nonSMSA",0,"Professional Services","Laborers",NA,5.35116863250732,20,12.6602563858032,0.333333343267441
"167",1674,42,"white","married",0,12,"not college grad",0,"SMSA",1,"Public Administration","Managers/admin","nonunion",6.57809829711914,40,15.1730766296387,3.75
"168",1725,42,"white","married",0,16,"college grad",0,"SMSA",0,"Finance/Ins/Real Estate","Managers/admin","nonunion",15.4830904006958,40,19.4423065185547,6.33333349227905
"169",1740,44,"white","married",0,12,"not college grad",0,"nonSMSA",0,"Public Administration","Laborers","nonunion",3.62318849563599,15,13.4615383148193,5.83333349227905
"170",1743,41,"white","married",0,12,"not college grad",1,"SMSA",0,"Manufacturing","Managers/admin","nonunion",8.44605255126953,55,16.8269233703613,3.75
"171",1750,44,"white","married",0,12,"not college grad",0,"SMSA",0,"Wholesale/Retail Trade","Managers/admin","nonunion",6.88405466079712,45,4.93589735031128,1.5
"172",1754,42,"white","married",0,16,"college grad",1,"SMSA",0,"Public Administration","Professional/technical","nonunion",10.4830894470215,35,12.942307472229,5.08333349227905
"173",1765,43,"white","married",0,12,"not college grad",0,"nonSMSA",0,"Manufacturing","Operatives","nonunion",4.66988658905029,32,12.2115383148193,8.75
"174",1778,44,"white","married",0,12,"not college grad",0,"nonSMSA",0,"Manufacturing","Craftsmen","union",10.6280174255371,48,19.8333339691162,19.8333339691162
"175",1780,43,"white","married",0,12,"not college grad",0,"nonSMSA",0,NA,"Operatives","union",11.851845741272,48,20.3910255432129,16.5
"176",1786,43,"white","married",0,12,"not college grad",0,"SMSA",0,"Manufacturing","Sales","nonunion",4.79065799713135,40,7.71794843673706,1.91666662693024
"177",1804,41,"white","married",0,13,"not college grad",0,"nonSMSA",0,"Wholesale/Retail Trade","Sales",NA,40.1980819702148,40,10.1987190246582,2.16666674613953
"178",1814,42,"white","married",0,13,"not college grad",1,"SMSA",0,"Transport/Comm/Utility","Sales","nonunion",8.28501987457275,40,7.78846120834351,4.83333349227905
"179",1825,44,"white","married",0,12,"not college grad",0,"SMSA",1,"Finance/Ins/Real Estate","Clerical/unskilled","nonunion",3.22061204910278,33,9.07692337036133,0.0833333358168602
"180",1829,41,"white","married",0,12,"not college grad",0,"SMSA",0,"Construction","Service","nonunion",5.80515241622925,8,6.057692527771,1.41666662693024
"181",1842,44,"black","married",0,12,"not college grad",0,"SMSA",1,"Professional Services","Sales","nonunion",6.98872184753418,40,16.3269233703613,8.66666698455811
"182",1873,43,"white","married",0,12,"not college grad",0,"nonSMSA",0,"Wholesale/Retail Trade","Laborers","nonunion",2.01288247108459,25,18.4230766296387,4.16666650772095
"183",1875,41,"white","married",0,13,"not college grad",0,"nonSMSA",0,"Professional Services","Sales","nonunion",2.29468488693237,27,8,3.16666674613953
"184",1878,41,"white","married",0,18,"college grad",1,"SMSA",0,"Professional Services","Other","nonunion",11.2238283157349,40,11.5961542129517,1.66666662693024
"185",1884,44,"white","married",0,16,"college grad",0,"SMSA",0,"Professional Services","Professional/technical","nonunion",5.86956262588501,38,12.9807691574097,4.16666650772095
"186",1892,41,"white","married",0,12,"not college grad",0,"SMSA",0,"Wholesale/Retail Trade","Operatives",NA,6.68896341323853,15,14.3461542129517,4.66666650772095
"187",1899,41,"white","married",0,17,"college grad",0,"SMSA",0,"Professional Services","Other","union",5.16103076934814,60,11.442307472229,1.83333337306976
"188",1905,44,"white","married",0,18,"college grad",0,"nonSMSA",0,"Professional Services","Other","union",6.19162511825562,50,14.384614944458,2.83333325386047
"189",1918,44,"white","married",0,12,"not college grad",0,"SMSA",0,"Wholesale/Retail Trade","Laborers","nonunion",6.76327991485596,22,18.8461532592773,18.8333339691162
"190",1926,41,"white","married",0,12,"not college grad",1,"SMSA",0,"Professional Services","Professional/technical","nonunion",5.636070728302,30,10.1730766296387,1.75
"191",1930,41,"white","married",0,16,"college grad",0,"SMSA",0,"Professional Services","Sales","nonunion",10.8373575210571,40,12.8782052993774,6.75
"192",1962,45,"white","married",0,13,"not college grad",0,"SMSA",0,"Personal Services","Laborers",NA,2.76167345046997,15,14.4294872283936,14.1666669845581
"193",1964,45,"white","married",0,12,"not college grad",0,"nonSMSA",0,"Manufacturing","Sales",NA,5.43478298187256,50,18.0961532592773,14.0833330154419
"194",1970,44,"white","married",0,12,"not college grad",0,"nonSMSA",0,"Finance/Ins/Real Estate","Sales","nonunion",2.78582859039307,20,9.26282119750977,3.41666674613953
"195",1989,43,"white","married",0,12,"not college grad",1,"SMSA",0,"Professional Services","Sales",NA,8.36120319366455,20,0.96794867515564,0.16666667163372
"196",1996,45,"white","married",0,12,"not college grad",0,"SMSA",0,"Finance/Ins/Real Estate","Sales","nonunion",7.28663110733032,39,13.3397426605225,2.83333325386047
"197",2022,42,"white","married",0,12,"not college grad",0,"SMSA",0,"Public Administration","Sales","union",6.03864765167236,40,15.1282062530518,13
"198",2051,44,"white","married",0,17,"college grad",0,"nonSMSA",0,"Professional Services","Managers/admin","nonunion",12.0568542480469,20,16.2243595123291,8.75
"199",2079,43,"white","married",0,12,"not college grad",0,"SMSA",0,"Professional Services","Laborers","nonunion",5.37841939926147,38,21.1282062530518,2.41666674613953
"200",2085,41,"white","married",0,14,"not college grad",0,"SMSA",0,"Professional Services","Professional/technical","nonunion",9.29146003723145,40,17.4038467407227,14.6666669845581
"201",2086,44,"white","married",0,10,"not college grad",1,"nonSMSA",0,"Professional Services","Managers/admin",NA,4.64511156082153,45,9.10256385803223,4
"202",2087,44,"white","married",0,16,"college grad",0,"nonSMSA",0,"Finance/Ins/Real Estate","Sales","nonunion",5.80515241622925,20,18.1089725494385,10.0833330154419
"203",2095,44,"white","married",0,12,"not college grad",0,"SMSA",0,"Personal Services","Transport","union",3.637122631073,20,3.32051277160645,0.416666656732559
"204",2096,43,"white","married",0,12,"not college grad",0,"SMSA",1,"Professional Services","Professional/technical","nonunion",4.23510360717773,38,5.67307710647583,2.08333325386047
"205",2104,44,"white","married",0,12,"not college grad",0,"SMSA",0,"Professional Services","Sales","nonunion",3.42190027236938,10,3.56410264968872,1.41666662693024
"206",2105,42,"white","married",0,11,"not college grad",0,"SMSA",0,"Manufacturing","Managers/admin","nonunion",5.80515241622925,40,14.4038457870483,3.41666674613953
"207",2141,41,"white","married",0,13,"not college grad",0,"SMSA",0,"Business/Repair Svc","Sales",NA,1.57198309898376,40,15.711537361145,1.41666662693024
"208",2147,44,"white","married",0,8,"not college grad",0,"SMSA",1,"Finance/Ins/Real Estate","Managers/admin","nonunion",11.1594133377075,25,8.25,6.33333349227905
"209",2148,42,"white","married",0,12,"not college grad",0,"nonSMSA",0,"Manufacturing","Sales","nonunion",5.0322060585022,40,18.3717937469482,2.33333325386047
"210",2151,44,"white","married",0,16,"college grad",0,"SMSA",0,"Professional Services","Professional/technical","nonunion",5.61191415786743,40,5.5,1.75
"211",2179,43,"white","married",0,14,"not college grad",0,"nonSMSA",0,"Manufacturing","Operatives","nonunion",5.61996746063232,43,10.1666669845581,10.1666669845581
"212",2188,43,"white","married",0,13,"not college grad",0,"nonSMSA",0,"Transport/Comm/Utility","Sales","nonunion",17.7777690887451,40,18.6025619506836,0
"213",2222,44,"white","married",0,12,"not college grad",0,"nonSMSA",0,"Wholesale/Retail Trade","Clerical/unskilled","nonunion",3.34138298034668,30,8.57051277160645,1.83333337306976
"214",2227,41,"white","married",0,12,"not college grad",0,"SMSA",0,"Manufacturing","Sales","union",9.25120544433594,40,22.480770111084,22.3333339691162
"215",2230,42,"white","married",0,12,"not college grad",0,"SMSA",1,"Public Administration","Managers/admin",NA,5.8287239074707,40,16.4294872283936,3.91666674613953
"216",2238,43,"white","married",0,17,"college grad",1,"SMSA",0,"Entertainment/Rec Svc","Clerical/unskilled",NA,4.18060207366943,35,8.58974361419678,0.666666686534882
"217",2244,44,"white","married",0,11,"not college grad",0,"nonSMSA",0,"Wholesale/Retail Trade","Sales",NA,2.96296191215515,40,11.5961542129517,2.5
"218",2262,41,"white","married",0,12,"not college grad",0,"nonSMSA",0,"Public Administration","Sales","union",5.27375173568726,40,13.9423084259033,5.16666650772095
"219",2265,44,"white","married",0,13,"not college grad",1,"nonSMSA",0,"Professional Services","Laborers","nonunion",3.18035340309143,21,13.25,1.75
"220",2291,42,"white","married",0,12,"not college grad",0,"nonSMSA",0,"Finance/Ins/Real Estate","Sales","nonunion",3.76811337471008,39,14.2115383148193,4.08333349227905
"221",2299,43,"white","married",0,12,"not college grad",0,"SMSA",1,"Professional Services","Professional/technical","nonunion",12.8824481964111,2,16.0384616851807,5.08333349227905
"222",2320,41,"white","married",0,16,"college grad",1,"SMSA",0,"Wholesale/Retail Trade","Sales","nonunion",3.82447648048401,30,6.76923084259033,3.41666674613953
"223",2338,43,"white","married",0,12,"not college grad",1,"SMSA",0,"Finance/Ins/Real Estate","Sales","nonunion",5.23349475860596,40,10.557692527771,3.16666674613953
"224",2342,43,"white","married",0,9,"not college grad",0,"SMSA",0,"Entertainment/Rec Svc","Operatives","union",7.16585636138916,40,13.557692527771,4.33333349227905
"225",2356,41,"white","married",0,16,"college grad",0,"SMSA",0,"Finance/Ins/Real Estate","Sales","nonunion",9.67793560028076,40,6.442307472229,0.916666686534882
"226",2371,41,"white","married",0,16,"college grad",0,"SMSA",0,"Professional Services","Laborers",NA,6.27090263366699,45,1.97435903549194,0.333333343267441
"227",2372,42,"white","married",0,14,"not college grad",1,"SMSA",0,"Professional Services","Professional/technical","nonunion",9.67793560028076,40,16.7628192901611,7.25
"228",2381,43,"black","married",0,10,"not college grad",0,"SMSA",0,"Professional Services","Laborers","nonunion",3.55351185798645,35,11.4807691574097,7.75
"229",2391,44,"black","married",0,10,"not college grad",1,"SMSA",1,"Business/Repair Svc","Laborers","nonunion",2.76972508430481,36,16.1730766296387,3.16666674613953
"230",2412,41,"black","married",0,10,"not college grad",1,"SMSA",1,"Wholesale/Retail Trade","Laborers","nonunion",4.22705316543579,40,17.5961532592773,0.583333313465118
"231",2430,41,"black","married",0,15,"not college grad",0,"SMSA",1,"Transport/Comm/Utility","Operatives","nonunion",8.05152988433838,20,7.4038462638855,0.25
"232",2480,45,"white","married",0,12,"not college grad",1,"SMSA",1,"Entertainment/Rec Svc","Managers/admin","nonunion",10.3220596313477,45,18.9935913085938,3.41666674613953
"233",2486,43,"black","married",0,9,"not college grad",1,"SMSA",1,"Public Administration","Sales","union",11.0708541870117,40,18.6410274505615,9.91666698455811
"234",2503,45,"white","married",0,12,"not college grad",1,"SMSA",0,"Finance/Ins/Real Estate","Sales","nonunion",6.84380054473877,35,18.384614944458,0
"235",2506,41,"white","married",0,12,"not college grad",0,"SMSA",0,"Transport/Comm/Utility","Craftsmen","nonunion",11.6183519363403,40,16.6538467407227,0.583333313465118
"236",2559,41,"black","married",0,13,"not college grad",1,"SMSA",1,"Transport/Comm/Utility","Sales","union",9.64572906494141,40,17.7371788024902,17.6666660308838
"237",2580,45,"white","married",0,11,"not college grad",1,"SMSA",0,"Wholesale/Retail Trade","Sales","nonunion",5.74879169464111,35,4.5,0.333333343267441
"238",2593,41,"white","married",0,12,"not college grad",0,"nonSMSA",0,"Wholesale/Retail Trade","Sales","nonunion",4.02576494216919,40,19.7500019073486,0.416666656732559
"239",2594,42,"white","married",0,10,"not college grad",1,"SMSA",0,"Wholesale/Retail Trade","Managers/admin","nonunion",5.23349475860596,20,12.1730766296387,1.5
"240",2596,42,"black","married",0,12,"not college grad",1,"SMSA",1,"Professional Services","Sales","union",6.400963306427,40,20.4038467407227,20.3333339691162
"241",2606,43,"white","married",0,12,"not college grad",0,"SMSA",1,"Professional Services","Sales","union",3.96135139465332,25,9.89743518829346,NA
"242",2607,44,"white","married",0,12,"not college grad",1,"nonSMSA",0,"Public Administration","Professional/technical","nonunion",6.96456813812256,40,15.8141021728516,3.33333325386047
"243",2608,43,"white","married",0,16,"college grad",1,"SMSA",0,"Professional Services","Professional/technical","nonunion",10.4515047073364,20,18.0576915740967,13.1666669845581
"244",2610,45,"white","married",0,13,"not college grad",1,"SMSA",0,"Professional Services","Other","nonunion",5.9178729057312,20,6.69871807098389,0
"245",2617,44,"black","married",0,16,"college grad",1,"SMSA",0,"Professional Services","Professional/technical","union",2.52012825012207,40,7.66666650772095,3.25
"246",2625,44,"white","married",0,12,"not college grad",1,"SMSA",0,"Professional Services","Sales","nonunion",4.02576494216919,20,11.4487180709839,2.41666674613953
"247",2636,43,"black","married",0,12,"not college grad",1,"SMSA",0,"Wholesale/Retail Trade","Professional/technical","nonunion",8.05152988433838,50,14.5384616851807,13.5
"248",2663,42,"white","married",0,12,"not college grad",1,"SMSA",0,"Personal Services","Sales","nonunion",4.02576494216919,4,8.03846168518066,1.41666662693024
"249",2678,41,"white","married",0,9,"not college grad",1,"SMSA",0,"Transport/Comm/Utility","Operatives","nonunion",4.42834138870239,30,4.67307710647583,3.16666674613953
"250",2679,44,"white","married",0,12,"not college grad",1,"SMSA",0,"Finance/Ins/Real Estate","Managers/admin","nonunion",10.1851806640625,38,16.615385055542,14.5833330154419
"251",2701,45,"white","married",0,12,"not college grad",0,"SMSA",0,"Manufacturing","Sales",NA,4.02576494216919,40,17.5769233703613,1.41666662693024
"252",2704,41,"white","married",0,18,"college grad",1,"SMSA",0,"Professional Services","Professional/technical","nonunion",9.67793560028076,40,14.7307691574097,2.08333325386047
"253",2715,41,"white","married",0,14,"not college grad",1,"SMSA",1,"Finance/Ins/Real Estate","Sales","nonunion",5.23349475860596,20,16.1730766296387,3
"254",2719,43,"white","married",0,12,"not college grad",1,"nonSMSA",0,"Professional Services","Sales","nonunion",7.23027086257935,36,18.5576915740967,11.0833330154419
"255",2739,41,"black","married",0,15,"not college grad",1,"SMSA",1,"Professional Services","Professional/technical","union",4.83896827697754,40,13.5,9.91666698455811
"256",2742,41,"black","married",0,11,"not college grad",1,"SMSA",1,"Business/Repair Svc","Laborers",NA,2.80100202560425,18,13.6538467407227,0.333333343267441
"257",2745,41,"black","married",0,12,"not college grad",1,"SMSA",1,"Finance/Ins/Real Estate","Sales","nonunion",6.98872184753418,40,18.5961532592773,14
"258",2752,44,"white","married",0,18,"college grad",1,"SMSA",1,"Professional Services","Sales","nonunion",5.90176963806152,30,14.9423084259033,6.91666650772095
"259",2764,43,"white","married",0,12,"not college grad",1,"SMSA",1,"Public Administration","Sales","nonunion",7.58453893661499,24,12.5192308425903,7.5
"260",2792,43,"white","married",0,16,"college grad",1,"SMSA",0,"Construction","Sales","nonunion",30.1932392120361,10,14.9615383148193,1.33333337306976
"261",2849,43,"white","married",0,12,"not college grad",1,"SMSA",1,"Wholesale/Retail Trade","Clerical/unskilled",NA,2.7870671749115,45,16.75,1.08333337306976
"262",2853,45,"black","married",0,9,"not college grad",1,"SMSA",1,"Personal Services","Transport","nonunion",4.22705316543579,20,11.615385055542,1.25
"263",2864,45,"black","married",0,18,"college grad",1,"SMSA",1,"Professional Services","Other","union",11.6183519363403,40,17.980770111084,15.75
"264",2876,44,"black","married",0,8,"not college grad",1,"SMSA",1,"Wholesale/Retail Trade","Operatives","nonunion",3.52656769752502,52,10.8910264968872,3.41666674613953
"265",2877,43,"black","married",0,9,"not college grad",1,"SMSA",1,"Manufacturing","Operatives","union",3.92914438247681,40,16.6538467407227,3.5
"266",2904,42,"white","married",0,16,"college grad",1,"nonSMSA",0,"Professional Services","Sales","nonunion",5.4347825050354,35,14.942307472229,2.08333325386047
"267",2914,41,"white","married",0,12,"not college grad",1,"SMSA",0,"Finance/Ins/Real Estate","Clerical/unskilled","nonunion",11.0627994537354,35,17.1923084259033,1.58333337306976
"268",2915,42,"white","married",0,18,"college grad",1,"SMSA",1,"Public Administration","Professional/technical",NA,14.4713020324707,50,15.3269233703613,6.16666650772095
"269",2917,42,"white","married",0,16,"college grad",1,"SMSA",0,"Professional Services","Professional/technical","union",7.24637746810913,8,9.59615421295166,2.66666674613953
"270",2919,44,"white","married",0,12,"not college grad",1,"SMSA",1,"Business/Repair Svc","Sales","nonunion",4.8309178352356,24,7.24358892440796,0.0833333358168602
"271",2939,45,"white","married",0,12,"not college grad",1,"SMSA",0,"Transport/Comm/Utility","Sales","nonunion",11.5539455413818,37,14.6730766296387,10.5
"272",2940,41,"white","married",0,12,"not college grad",1,"SMSA",0,"Public Administration","Sales","nonunion",12.3832502365112,40,17.115385055542,6.33333349227905
"273",2946,44,"white","married",0,11,"not college grad",1,"SMSA",0,"Personal Services","Laborers",NA,4.47921419143677,56,5.64743566513062,1.16666662693024
"274",2954,44,"white","married",0,12,"not college grad",1,"nonSMSA",0,"Manufacturing","Operatives","nonunion",4.22705316543579,40,13.8012819290161,12.1666669845581
"275",2958,41,"white","married",0,12,"not college grad",1,"nonSMSA",0,"Professional Services","Laborers","nonunion",4.02576494216919,30,12.4487180709839,1.83333337306976
"276",2960,45,"white","married",0,12,"not college grad",1,"nonSMSA",0,"Wholesale/Retail Trade","Sales","nonunion",6.36070680618286,40,21.1602554321289,18.5
"277",2967,45,"white","married",0,13,"not college grad",1,"nonSMSA",0,"Manufacturing","Managers/admin","nonunion",10.8373575210571,40,18.769229888916,5.91666650772095
"278",2985,44,"white","married",0,12,"not college grad",1,"nonSMSA",0,"Wholesale/Retail Trade","Managers/admin","nonunion",4.95168876647949,36,8.88461589813232,7.83333349227905
"279",3001,41,"white","married",0,12,"not college grad",1,"SMSA",0,"Wholesale/Retail Trade","Operatives","union",7.7455677986145,40,17.7884616851807,14.1666669845581
"280",3028,41,"black","married",0,12,"not college grad",1,"nonSMSA",0,"Professional Services","Sales","nonunion",2.78582859039307,40,13.4423084259033,9.83333301544189
"281",3035,42,"white","married",0,17,"college grad",1,"SMSA",1,"Professional Services","Other","nonunion",5.26569843292236,60,7.86538457870483,7.75
"282",3044,44,"white","married",0,12,"not college grad",1,"SMSA",0,"Manufacturing","Operatives","nonunion",6.77133321762085,48,22.5128192901611,22.5
"283",3045,43,"white","married",0,11,"not college grad",1,"SMSA",0,"Manufacturing","Operatives","nonunion",5.53945016860962,48,19.5833320617676,5.5
"284",3050,42,"white","married",0,10,"not college grad",1,"SMSA",0,"Finance/Ins/Real Estate","Clerical/unskilled","nonunion",5.53945016860962,40,16.2564105987549,0
"285",3060,42,"black","married",0,8,"not college grad",1,"nonSMSA",0,"Professional Services","Laborers","nonunion",2.77777695655823,30,10.25,10.25
"286",3061,42,"white","married",0,16,"college grad",1,"SMSA",0,"Professional Services","Other","nonunion",7.00482845306396,42,9.24358940124512,6.83333349227905
"287",3066,44,"white","married",0,16,"college grad",1,"nonSMSA",0,"Manufacturing","Managers/admin","nonunion",10.2576465606689,40,15.75,11.4166669845581
"288",3072,41,"white","married",0,12,"not college grad",1,"nonSMSA",0,"Professional Services","Sales",NA,2.62829613685608,18,14.442307472229,2.08333325386047
"289",3078,45,"black","married",0,17,"college grad",0,"SMSA",0,"Professional Services","Professional/technical","union",16.4975776672363,35,12.4166669845581,8.41666698455811
"290",3097,42,"black","married",0,8,"not college grad",1,"nonSMSA",0,"Professional Services","Laborers","nonunion",2.38325214385986,37,6.93589735031128,4
"291",3115,41,"black","married",0,12,"not college grad",1,"SMSA",0,"Manufacturing","Craftsmen","nonunion",3.74395942687988,40,18.6217937469482,18.3333339691162
"292",3118,43,"white","married",0,9,"not college grad",1,"SMSA",0,"Manufacturing","Operatives","union",7.71336078643799,40,18.6858959197998,18.6666660308838
"293",3119,41,"white","married",0,13,"not college grad",1,"SMSA",0,"Manufacturing","Professional/technical","nonunion",9.75845050811768,40,27.1923046112061,8.33333301544189
"294",3122,44,"black","married",0,18,"college grad",1,"nonSMSA",0,"Professional Services","Other","nonunion",8.51851463317871,40,21.4166660308838,21.4166660308838
"295",3138,45,"white","married",0,16,"college grad",1,"SMSA",1,"Professional Services","Professional/technical","union",4.51690578460693,60,10.4166669845581,10.4166669845581
"296",3159,43,"white","married",0,18,"college grad",0,"SMSA",0,NA,"Other","union",13.0193223953247,40,12.0192308425903,5.41666650772095
"297",3166,44,"black","married",0,10,"not college grad",1,"SMSA",0,"Professional Services","Laborers","nonunion",2.93880820274353,12,11.3461542129517,0
"298",3182,43,"white","married",0,12,"not college grad",1,"nonSMSA",0,"Manufacturing","Sales","nonunion",6.03864765167236,40,20.3782043457031,16.3333339691162
"299",3212,42,"black","married",0,10,"not college grad",1,"nonSMSA",0,"Manufacturing","Operatives","union",4.02576494216919,30,13.7307691574097,8.5
"300",3215,44,"black","married",0,12,"not college grad",1,"nonSMSA",0,"Personal Services","Sales","nonunion",3.88795781135559,20,8.91666698455811,8.91666698455811
"301",3229,44,"white","married",0,10,"not college grad",1,"nonSMSA",0,"Wholesale/Retail Trade","Laborers","nonunion",2.8985493183136,40,2.33333349227905,0.833333313465118
"302",3235,43,"white","married",0,12,"not college grad",1,"nonSMSA",0,"Finance/Ins/Real Estate","Managers/admin","nonunion",7.80192804336548,40,17.3461532592773,16.8333339691162
"303",3236,43,"black","married",0,10,"not college grad",1,"nonSMSA",0,"Manufacturing","Operatives","nonunion",2.818035364151,40,14.5192308425903,7.33333349227905
"304",3247,41,"white","married",0,12,"not college grad",1,"nonSMSA",0,"Finance/Ins/Real Estate","Sales","nonunion",3.62318849563599,23,9.0256404876709,0.16666667163372
"305",3248,45,"white","married",0,12,"not college grad",1,"nonSMSA",0,"Wholesale/Retail Trade","Sales","nonunion",3.09983777999878,25,4.32051277160645,1.58333337306976
"306",3255,42,"white","married",0,17,"college grad",1,"SMSA",0,"Professional Services","Other","union",7.06924247741699,50,14.4230766296387,8.91666698455811
"307",3276,42,"black","married",0,15,"not college grad",1,"SMSA",1,"Professional Services","Professional/technical","nonunion",11.3526554107666,40,19.0576915740967,1.33333337306976
"308",3291,42,"white","married",0,16,"college grad",1,"SMSA",0,"Professional Services","Other","nonunion",10.1529741287231,45,15.2307691574097,13.8333330154419
"309",3294,43,"white","married",0,13,"not college grad",1,"SMSA",0,"Professional Services","Sales","nonunion",5.636070728302,20,13.4230766296387,5.75
"310",3300,41,"white","married",0,16,"college grad",1,"SMSA",0,"Wholesale/Retail Trade","Managers/admin","nonunion",12.5845394134521,16,11.6923065185547,3.5
"311",3305,45,"white","married",0,12,"not college grad",1,"SMSA",0,"Professional Services","Sales","nonunion",7.02092933654785,15,16.5,1.41666662693024
"312",3316,41,"white","married",0,12,"not college grad",1,"SMSA",1,"Manufacturing","Sales","nonunion",5.57970762252808,40,9.92307662963867,2.66666674613953
"313",3317,44,"white","married",0,15,"not college grad",1,"SMSA",0,"Manufacturing","Sales","nonunion",9.78260517120361,38,16.9615383148193,16.3333339691162
"314",3325,41,"white","married",0,18,"college grad",1,"SMSA",0,"Professional Services","Craftsmen","nonunion",12.5845394134521,40,17.5384616851807,3.41666674613953
"315",3333,42,"white","married",0,18,"college grad",1,"nonSMSA",0,"Professional Services","Other","nonunion",7.80998086929321,50,16.8333339691162,16.8333339691162
"316",3346,41,"white","married",0,15,"not college grad",0,"SMSA",0,"Professional Services","Professional/technical","nonunion",7.04508829116821,40,8.60256481170654,2.5
"317",3347,41,"white","married",0,12,"not college grad",1,"SMSA",1,"Professional Services","Sales","nonunion",4.02576494216919,40,8.33333301544189,8.33333301544189
"318",3353,44,"white","married",0,18,"college grad",1,"SMSA",0,"Professional Services","Other","nonunion",10.8373575210571,60,14.8461542129517,14.8333330154419
"319",3359,43,"black","married",0,12,"not college grad",1,"SMSA",1,"Entertainment/Rec Svc","Laborers","nonunion",1.81159424781799,20,14.134614944458,3.41666674613953
"320",3366,44,"white","married",0,14,"not college grad",0,"SMSA",0,"Manufacturing","Sales","nonunion",7.24637746810913,40,10.8269233703613,9.16666698455811
"321",3374,44,"white","married",0,12,"not college grad",1,"SMSA",1,"Finance/Ins/Real Estate","Managers/admin","nonunion",8.26086521148682,45,19.1923084259033,16.0833339691162
"322",3378,42,"black","married",0,8,"not college grad",1,"SMSA",0,"Wholesale/Retail Trade","Operatives","nonunion",2.69726133346558,30,4.03846168518066,0.0833333358168602
"323",3389,44,"black","married",0,12,"not college grad",1,"SMSA",1,"Manufacturing","Operatives","union",4.02576494216919,40,15.0192308425903,0
"324",3406,42,"white","married",0,11,"not college grad",1,"SMSA",0,"Professional Services","Sales","nonunion",6.44927072525024,40,20.3333339691162,20.3333339691162
"325",3408,41,"white","married",0,12,"not college grad",0,"SMSA",0,"Professional Services","Sales","nonunion",4.87922525405884,32,5.28846168518066,1.75
"326",3412,43,"white","married",0,12,"not college grad",1,"nonSMSA",0,"Wholesale/Retail Trade","Sales",NA,2.6167471408844,40,9.11538505554199,6.25
"327",3457,43,"white","married",0,12,"not college grad",1,"nonSMSA",0,"Wholesale/Retail Trade","Managers/admin","nonunion",3.34943628311157,40,7.66666650772095,3.91666674613953
"328",3464,43,"white","married",0,16,"college grad",1,"nonSMSA",0,"Professional Services","Professional/technical","nonunion",3.9371976852417,24,20.7820510864258,20.75
"329",3483,43,"white","married",0,12,"not college grad",1,"SMSA",0,"Personal Services","Transport","nonunion",3.01932382583618,25,9,0.5
"330",3484,43,"white","married",0,14,"not college grad",1,"SMSA",1,"Wholesale/Retail Trade","Laborers","nonunion",8.62318897247314,42,4.60897445678711,4.41666650772095
"331",3497,43,"white","married",0,11,"not college grad",1,"nonSMSA",0,"Wholesale/Retail Trade","Laborers",NA,2.80100202560425,24,3.16025638580322,0.916666686534882
"332",3505,43,"white","married",0,12,"not college grad",1,"SMSA",0,"Professional Services","Laborers",NA,3.34448170661926,30,6.75641059875488,1.41666662693024
"333",3526,41,"white","married",0,12,"not college grad",1,"nonSMSA",0,"Finance/Ins/Real Estate","Sales","nonunion",6.11110830307007,38,12.942307472229,8.41666698455811
"334",3536,44,"white","married",0,12,"not college grad",0,"SMSA",0,"Professional Services","Laborers","union",3.90499091148376,35,10.8397436141968,0.666666686534882
"335",3549,43,"white","married",0,18,"college grad",0,"nonSMSA",0,"Professional Services","Other","union",9.18679141998291,40,19.9166660308838,19.9166660308838
"336",3555,41,"white","married",0,12,"not college grad",0,"SMSA",0,"Wholesale/Retail Trade","Sales","nonunion",5.57165718078613,50,13.615385055542,2.83333325386047
"337",3563,41,"white","married",0,12,"not college grad",0,"SMSA",1,"Manufacturing","Operatives","union",10.4669876098633,40,11.2307691574097,3
"338",3566,41,"other","married",0,17,"college grad",0,"SMSA",1,"Business/Repair Svc","Sales","nonunion",10.0644130706787,20,12.2820510864258,0.833333313465118
"339",3569,41,"white","married",0,17,"college grad",0,"SMSA",0,"Professional Services","Sales","nonunion",7.96296310424805,35,7.53846168518066,1
"340",3584,42,"white","married",0,14,"not college grad",0,"SMSA",1,"Transport/Comm/Utility","Sales","union",8.8566837310791,45,12.8653841018677,9
"341",3593,44,"white","married",0,12,"not college grad",0,"SMSA",0,"Wholesale/Retail Trade","Managers/admin","nonunion",6.96456813812256,40,16.5769233703613,1.41666662693024
"342",3624,43,"white","married",0,12,"not college grad",0,"SMSA",0,"Wholesale/Retail Trade","Clerical/unskilled","nonunion",8.05152988433838,20,19.2499980926514,3.5
"343",3630,44,"other","married",0,12,"not college grad",0,"SMSA",0,"Professional Services","Laborers","nonunion",6.03864765167236,40,20.6089763641357,3.41666674613953
"344",3631,41,"white","married",0,16,"college grad",0,"SMSA",0,"Professional Services","Professional/technical","nonunion",17.2061157226562,45,18.7564105987549,18.75
"345",3642,45,"white","married",0,17,"college grad",1,"nonSMSA",0,"Wholesale/Retail Trade","Operatives",NA,3.34448170661926,29,14.6153831481934,0.583333313465118
"346",3643,43,"white","married",0,12,"not college grad",1,"SMSA",0,"Professional Services","Sales","nonunion",5.15297698974609,40,7.43589735031128,2.66666674613953
"347",3651,44,"black","married",0,13,"not college grad",0,"SMSA",1,"Public Administration","Sales","union",12.0772953033447,40,21.7948722839355,21.75
"348",3669,45,"white","married",0,16,"college grad",0,"nonSMSA",0,"Manufacturing","Clerical/unskilled","nonunion",3.01127219200134,36,5.03846168518066,1.5
"349",3674,45,"white","married",0,18,"college grad",0,"SMSA",0,"Professional Services","Professional/technical","nonunion",11.1594133377075,20,20.3205127716064,0.833333313465118
"350",3688,43,"white","married",0,14,"not college grad",0,"SMSA",0,"Transport/Comm/Utility","Sales","nonunion",17.6650485992432,40,18.2115383148193,0.916666686534882
"351",3702,43,"white","married",0,15,"not college grad",0,"nonSMSA",0,"Professional Services","Professional/technical","nonunion",13.2692260742188,40,20.2115364074707,0
"352",3704,43,"black","married",0,16,"college grad",0,"SMSA",1,"Public Administration","Sales","union",8.36553859710693,40,18.5576915740967,8.5
"353",3705,44,"white","married",0,13,"not college grad",0,"SMSA",0,"Professional Services","Sales",NA,4.82748365402222,40,17.9230766296387,10.9166669845581
"354",3709,44,"white","married",0,10,"not college grad",0,"SMSA",0,"Wholesale/Retail Trade","Professional/technical","union",13.1642446517944,40,13.5512828826904,12.75
"355",3711,42,"white","married",0,12,"not college grad",0,"SMSA",1,"Wholesale/Retail Trade","Managers/admin",NA,6.43664455413818,30,8.25,8.08333301544189
"356",3716,42,"white","married",0,12,"not college grad",0,"SMSA",0,"Wholesale/Retail Trade","Clerical/unskilled",NA,7.21571636199951,40,9.25641059875488,6.41666650772095
"357",3718,41,"white","married",0,16,"college grad",0,"nonSMSA",0,"Professional Services","Sales","union",6.23188209533691,40,9.01923084259033,7.16666650772095
"358",3733,41,"white","married",0,12,"not college grad",0,"SMSA",0,"Public Administration","Sales","nonunion",8.51851463317871,40,10.115385055542,9.75
"359",3735,45,"white","married",0,11,"not college grad",1,"nonSMSA",0,"Business/Repair Svc","Professional/technical","union",9.46236228942871,45,13.9807691574097,5.41666650772095
"360",3737,44,"white","married",0,13,"not college grad",0,"SMSA",0,"Transport/Comm/Utility","Professional/technical","union",12.0772953033447,40,25.9871807098389,25.9166660308838
"361",3739,43,"white","married",0,12,"not college grad",1,"nonSMSA",0,"Finance/Ins/Real Estate","Sales","nonunion",4.66988658905029,42,13.4102554321289,6.33333349227905
"362",3745,41,"white","married",0,12,"not college grad",0,"SMSA",0,"Wholesale/Retail Trade","Sales","nonunion",6.72302675247192,33,13.0961532592773,11.3333330154419
"363",3753,41,"white","married",0,15,"not college grad",0,"SMSA",0,"Public Administration","Professional/technical","nonunion",9.0579719543457,40,19.5,3.25
"364",3760,43,"white","married",0,13,"not college grad",0,"SMSA",0,"Professional Services","Other","nonunion",4.51690578460693,35,7.53205156326294,1.66666662693024
"365",3766,41,"white","married",0,17,"college grad",0,"SMSA",1,"Professional Services","Other","union",14.3236665725708,40,14.615385055542,5.41666650772095
"366",3770,45,"white","married",0,5,"not college grad",0,"SMSA",0,"Ag/Forestry/Fisheries","Farm laborers",NA,4.18060207366943,40,9.44230842590332,0.5
"367",3773,44,"white","married",0,18,"college grad",0,"SMSA",1,"Professional Services","Professional/technical","nonunion",8.90499114990234,40,14.692307472229,1.75
"368",3778,43,"white","married",0,16,"college grad",1,"SMSA",0,"Business/Repair Svc","Sales","nonunion",7.47986602783203,35,2.12179493904114,1.75
"369",3799,44,"white","married",0,13,"not college grad",0,"SMSA",1,"Professional Services","Sales","union",5.23349475860596,25,4.23076915740967,3.75
"370",3803,41,"white","married",0,14,"not college grad",1,"SMSA",0,"Professional Services","Professional/technical",NA,28.152193069458,55,15.3076934814453,4.5
"371",3812,42,"white","married",0,12,"not college grad",0,"SMSA",1,"Professional Services","Sales","nonunion",5.25919485092163,40,15.3141021728516,5.16666650772095
"372",3822,44,"white","married",0,16,"college grad",0,"SMSA",0,"Professional Services","Other","union",9.5813159942627,11,6.3461537361145,1.25
"373",3823,42,"white","married",0,18,"college grad",0,"SMSA",0,"Professional Services","Other","nonunion",17.028980255127,50,9.557692527771,9.33333301544189
"374",3836,41,"white","married",0,12,"not college grad",0,"nonSMSA",0,"Professional Services","Operatives","nonunion",5.17713069915771,20,13.5064096450806,11.6666669845581
"375",3845,41,"white","married",0,10,"not college grad",1,"nonSMSA",0,"Wholesale/Retail Trade","Managers/admin","nonunion",4.02576494216919,40,5.11538457870483,3.58333325386047
"376",3864,42,"other","married",0,16,"college grad",0,"SMSA",0,"Manufacturing","Professional/technical","nonunion",9.5974235534668,50,14.0961532592773,8
"377",3865,43,"other","married",0,13,"not college grad",0,"SMSA",0,"Public Administration","Sales","union",7.76167488098145,40,21.2179489135742,21.1666660308838
"378",3876,44,"other","married",0,12,"not college grad",0,"SMSA",0,"Professional Services","Laborers","nonunion",3.22061204910278,15,8.83974361419678,8.75
"379",3878,43,"other","married",0,16,"college grad",0,"SMSA",0,"Public Administration","Professional/technical","union",9.75845050811768,40,18.4423084259033,10
"380",3882,41,"white","married",0,14,"not college grad",0,"nonSMSA",0,"Professional Services","Sales","nonunion",9.00160598754883,33,12.615385055542,9.75
"381",3910,42,"white","married",0,12,"not college grad",0,"SMSA",0,"Professional Services","Sales",NA,5.01672267913818,36,13.3333330154419,12.6666669845581
"382",3937,44,"white","married",0,12,"not college grad",1,"SMSA",1,"Transport/Comm/Utility","Laborers","union",21.3848628997803,20,5.5,5.5
"383",3956,41,"white","married",0,16,"college grad",0,"SMSA",1,"Professional Services","Sales","nonunion",6.63445901870728,35,13.115385055542,5.41666650772095
"384",3974,43,"white","married",0,13,"not college grad",0,"SMSA",0,"Manufacturing","Managers/admin","nonunion",13.7761573791504,45,17.1474361419678,15.5833330154419
"385",3983,43,"black","married",0,12,"not college grad",0,"SMSA",0,"Manufacturing","Craftsmen","nonunion",20.4947509765625,40,16.0576915740967,3
"386",3990,45,"white","married",0,11,"not college grad",0,"nonSMSA",0,"Professional Services","Laborers","union",7.15780973434448,40,9.29487228393555,8.16666698455811
"387",4001,43,"white","married",0,14,"not college grad",0,"SMSA",1,"Professional Services","Other","nonunion",6.50563144683838,20,11.4615383148193,3.75
"388",4007,43,"white","married",0,16,"college grad",1,"SMSA",0,"Professional Services","Other","nonunion",9.75845050811768,40,8.88461589813232,3.83333325386047
"389",4013,45,"white","married",0,13,"not college grad",0,"nonSMSA",0,"Professional Services","Sales","nonunion",6.400963306427,36,7.62179470062256,7.08333349227905
"390",4024,42,"white","married",0,12,"not college grad",0,"nonSMSA",0,"Professional Services","Laborers","nonunion",5.51529693603516,30,11.6730766296387,10.9166669845581
"391",4031,43,"white","married",0,12,"not college grad",0,"nonSMSA",0,"Wholesale/Retail Trade","Laborers","nonunion",4.77455425262451,40,18.75,1.58333337306976
"392",4038,43,"white","married",0,10,"not college grad",1,"SMSA",1,"Wholesale/Retail Trade","Laborers","nonunion",5.99838733673096,40,6.51923084259033,0.75
"393",4053,41,"white","married",0,12,"not college grad",0,"SMSA",1,"Ag/Forestry/Fisheries","Managers/admin","nonunion",11.1594133377075,50,18.7051277160645,12.6666669845581
"394",4071,43,"white","married",0,17,"college grad",0,"SMSA",0,"Professional Services","Other","union",7.7455677986145,40,7.96153831481934,3.91666674613953
"395",4084,45,"white","married",0,12,"not college grad",0,"SMSA",1,"Professional Services","Sales","union",6.40901708602905,40,8.16025638580322,5.08333349227905
"396",4087,43,"white","married",0,12,"not college grad",0,"SMSA",0,"Manufacturing","Operatives","union",6.91471290588379,64,3.08333325386047,3.08333325386047
"397",4108,42,"white","married",0,12,"not college grad",0,"nonSMSA",0,"Public Administration","Professional/technical","nonunion",7.93880319595337,40,13.9166660308838,10.25
"398",4120,45,"white","married",0,12,"not college grad",0,"SMSA",0,"Finance/Ins/Real Estate","Clerical/unskilled","nonunion",8.77616310119629,30,14.8205127716064,1
"399",4127,41,"white","married",0,12,"not college grad",0,"SMSA",0,"Manufacturing","Operatives","union",8.23671054840088,40,18.1923065185547,15.8333330154419
"400",4128,41,"white","married",0,12,"not college grad",0,"SMSA",0,"Finance/Ins/Real Estate","Sales","nonunion",6.50563144683838,10,12.7115383148193,11.8333330154419
"401",4129,42,"white","married",0,12,"not college grad",1,"SMSA",1,"Professional Services","Sales","nonunion",6.64251184463501,40,8.26923084259033,1
"402",4131,42,"other","married",0,14,"college grad",0,"nonSMSA",0,"Manufacturing","Operatives","union",1.80601990222931,40,2.48076915740967,0.16666667163372
"403",4136,41,"other","married",0,17,"college grad",0,"SMSA",0,"Public Administration","Professional/technical","union",12.2061157226562,40,15.5961542129517,5.5
"404",4142,42,"black","married",0,17,"college grad",0,"SMSA",1,"Transport/Comm/Utility","Sales","union",10.4669876098633,40,12.0192308425903,5.25
"405",4168,41,"white","married",0,12,"not college grad",0,"nonSMSA",0,"Business/Repair Svc","Professional/technical",NA,6.68896341323853,15,17.7884616851807,0.25
"406",4180,43,"white","married",0,13,"not college grad",0,"nonSMSA",0,"Finance/Ins/Real Estate","Sales",NA,2.7033908367157,50,16.1025638580322,1.41666662693024
"407",4189,44,"white","married",0,10,"not college grad",0,"SMSA",0,"Professional Services","Laborers","union",7.27857732772827,38,16.5,16.5
"408",4191,41,"white","married",0,12,"not college grad",0,"nonSMSA",0,"Professional Services","Sales","union",3.4863109588623,40,15.25,10.75
"409",4202,44,"white","married",0,17,"college grad",0,"SMSA",1,"Professional Services","Other","union",11.9645671844482,44,18.3269233703613,15.8333330154419
"410",4208,41,"white","married",0,13,"not college grad",0,"nonSMSA",0,"Transport/Comm/Utility","Sales","nonunion",5.41867923736572,40,8.36538505554199,8.33333301544189
"411",4230,41,"white","married",0,11,"not college grad",0,"SMSA",0,"Wholesale/Retail Trade","Craftsmen","nonunion",4.22705316543579,24,2.28846144676208,2.16666674613953
"412",4233,42,"white","married",0,14,"not college grad",0,"SMSA",0,"Entertainment/Rec Svc","Sales","nonunion",4.18679332733154,20,9.61538505554199,1.75
"413",4252,41,"white","married",0,9,"not college grad",1,"SMSA",0,"Professional Services","Laborers","nonunion",5.0322060585022,40,13.75,13.75
"414",4253,43,"white","married",0,12,"not college grad",1,"SMSA",0,"Professional Services","Sales","union",9.36392784118652,40,12.2243585586548,3
"415",4269,44,"black","married",0,9,"not college grad",1,"nonSMSA",0,"Manufacturing","Operatives","nonunion",3.76254153251648,40,14.9807682037354,10
"416",4281,41,"black","married",0,12,"not college grad",1,"nonSMSA",0,"Professional Services","Laborers","nonunion",3.62318849563599,40,16.2051296234131,3.41666674613953
"417",4283,41,"black","married",0,10,"not college grad",1,"nonSMSA",0,"Manufacturing","Operatives","union",6.44122409820557,40,18.7628211975098,3.25
"418",4291,44,"black","married",0,12,"not college grad",1,"nonSMSA",0,"Professional Services","Sales","nonunion",4.8309178352356,40,18.1666660308838,18.1666660308838
"419",4334,41,"black","married",0,15,"college grad",1,"SMSA",0,"Wholesale/Retail Trade","Sales","nonunion",6.19162511825562,40,16.9679489135742,14.25
"420",4338,42,"black","married",0,9,"not college grad",1,"SMSA",1,"Professional Services","Sales","nonunion",5.66827440261841,40,14.942307472229,8.66666698455811
"421",4352,42,"white","married",0,12,"not college grad",1,"SMSA",1,"Wholesale/Retail Trade","Managers/admin","nonunion",3.71980571746826,45,12.4871788024902,1.33333337306976
"422",4356,43,"white","married",0,12,"not college grad",1,"SMSA",1,"Transport/Comm/Utility",NA,"nonunion",12.4315567016602,40,19.615385055542,19.5833339691162
"423",4361,45,"white","married",0,9,"not college grad",1,"SMSA",0,"Manufacturing","Operatives","nonunion",6.84380054473877,40,15.2115383148193,12.5
"424",4365,42,"white","married",0,12,"not college grad",1,"SMSA",1,"Wholesale/Retail Trade","Craftsmen","nonunion",4.95974206924438,45,8.17307662963867,0
"425",4381,43,"white","married",0,15,"not college grad",1,"nonSMSA",0,"Professional Services","Other","nonunion",8.51851463317871,40,12.1089744567871,6.91666650772095
"426",4389,41,"black","married",0,14,"not college grad",1,"nonSMSA",0,"Professional Services","Craftsmen","nonunion",5.52334690093994,40,13.865385055542,13.6666669845581
"427",4395,41,"white","married",0,12,"not college grad",1,"nonSMSA",0,"Manufacturing","Operatives","nonunion",2.01288247108459,40,4.44230794906616,0.416666656732559
"428",4413,41,"white","married",0,12,"not college grad",1,"nonSMSA",0,"Manufacturing","Operatives","nonunion",4.91948223114014,40,21,21
"429",4420,43,"white","married",0,12,"not college grad",1,"SMSA",0,"Finance/Ins/Real Estate","Sales","nonunion",3.09983777999878,50,13.9038457870483,5.33333349227905
"430",4437,41,"white","married",0,12,"not college grad",1,"nonSMSA",0,"Professional Services","Sales",NA,5.22575235366821,40,15.5256404876709,0.833333313465118
"431",4438,42,"white","married",0,12,"not college grad",1,"nonSMSA",0,"Manufacturing","Operatives","nonunion",2.77777695655823,40,10.8717947006226,0
"432",4439,42,"white","married",0,12,"not college grad",1,"nonSMSA",0,"Manufacturing","Operatives","union",17.6167392730713,8,8.692307472229,0
"433",4441,42,"black","married",0,6,"not college grad",1,"nonSMSA",0,"Ag/Forestry/Fisheries","Farm laborers","union",3.45410394668579,35,6.40384578704834,1.08333337306976
"434",4446,43,"white","married",0,12,"not college grad",1,"nonSMSA",0,"Professional Services","Professional/technical","nonunion",1.39291429519653,80,12.25,1.58333337306976
"435",4458,44,"black","married",0,7,"not college grad",1,"nonSMSA",0,"Manufacturing","Operatives","nonunion",4.02576494216919,34,17.9935913085938,15.8333330154419
"436",4492,41,"white","married",0,12,"not college grad",1,"nonSMSA",0,"Professional Services","Sales","nonunion",4.03381490707397,40,8.69871807098389,1.66666662693024
"437",4502,44,"white","married",0,13,"not college grad",1,"SMSA",0,"Construction","Clerical/unskilled",NA,5.0322060585022,40,6.21153831481934,4
"438",4512,43,"white","married",0,10,"not college grad",1,"nonSMSA",0,"Wholesale/Retail Trade","Operatives","nonunion",2.69726133346558,60,4.9038462638855,1.66666662693024
"439",4536,43,"white","married",0,17,"college grad",1,"nonSMSA",0,"Professional Services","Other","nonunion",9.80675792694092,45,17.634614944458,13.5833330154419
"440",4539,43,"other","married",0,0,"not college grad",1,"nonSMSA",0,"Professional Services","Laborers","nonunion",2.92642140388489,40,5.46153831481934,0.916666686534882
"441",4546,44,"black","married",0,11,"not college grad",1,"SMSA",0,"Manufacturing","Craftsmen","nonunion",5.7970986366272,40,14.7307691574097,6.08333349227905
"442",4549,41,"white","married",0,15,"not college grad",1,"nonSMSA",0,"Professional Services","Laborers","nonunion",11.1085395812988,40,15.5769233703613,0.75
"443",4550,44,"white","married",0,10,"not college grad",1,"nonSMSA",0,"Public Administration","Sales","nonunion",2.97906541824341,23,1.79487192630768,0.25
"444",4553,44,"white","married",0,12,"not college grad",1,"nonSMSA",0,"Public Administration","Sales","nonunion",4.62962961196899,40,15.4807691574097,1.83333337306976
"445",4556,41,"white","married",0,12,"not college grad",1,"nonSMSA",0,"Public Administration","Sales","nonunion",8.71175575256348,38,19.42307472229,17.1666660308838
"446",4562,43,"white","married",0,13,"not college grad",1,"nonSMSA",0,"Personal Services","Transport","nonunion",4.02576494216919,10,10.6282052993774,5.33333349227905
"447",4569,42,"white","married",0,12,"not college grad",1,"nonSMSA",0,"Wholesale/Retail Trade","Sales","nonunion",5.12077045440674,38,11.7307691574097,10.4166669845581
"448",4573,41,"black","married",0,13,"not college grad",1,"nonSMSA",0,"Professional Services","Laborers","union",6.03059434890747,40,18.7820529937744,18.75
"449",4578,41,"white","married",0,16,"college grad",1,"nonSMSA",0,"Professional Services","Other",NA,3.87390518188477,24,10.25,1.5
"450",4583,44,"white","married",0,12,"not college grad",1,"nonSMSA",0,"Manufacturing","Operatives","nonunion",5.636070728302,40,13.884614944458,13.8333330154419
"451",4590,41,"white","married",0,12,"not college grad",1,"SMSA",0,"Finance/Ins/Real Estate","Managers/admin","nonunion",11.2157745361328,58,9.442307472229,2
"452",4599,44,"white","married",0,10,"not college grad",0,"SMSA",0,"Professional Services","Laborers","union",4.39613437652588,30,5.42307710647583,5
"453",4603,41,"black","married",0,8,"not college grad",1,"nonSMSA",0,"Personal Services","Laborers",NA,4.18060207366943,40,11.3461532592773,0.16666667163372
"454",4607,41,"black","married",0,11,"not college grad",1,"nonSMSA",0,"Transport/Comm/Utility","Service","union",8.94524478912354,45,15.25,2.08333325386047
"455",4628,42,"black","married",0,10,"not college grad",0,"SMSA",1,"Personal Services","Operatives",NA,3.23996639251709,40,13.1538457870483,5.25
"456",4632,42,"black","married",0,13,"not college grad",1,"nonSMSA",0,"Professional Services","Professional/technical","nonunion",4.06602191925049,40,14.807692527771,10.8333330154419
"457",4642,42,"white","married",0,10,"not college grad",1,"nonSMSA",0,"Manufacturing","Operatives","nonunion",4.42834138870239,45,16.4230766296387,15.6666669845581
"458",4678,44,"white","married",0,12,"not college grad",1,"nonSMSA",0,"Professional Services","Sales","nonunion",3.50241422653198,32,18.6474361419678,9.83333301544189
"459",4683,42,"black","married",0,12,"not college grad",1,"nonSMSA",0,"Manufacturing","Managers/admin","nonunion",4.38808155059814,40,19.0384635925293,6.08333349227905
"460",4696,44,"black","married",0,10,"not college grad",1,"nonSMSA",0,"Professional Services","Professional/technical","nonunion",4.62962961196899,40,13,13
"461",4704,44,"black","married",0,12,"not college grad",1,"SMSA",1,"Public Administration","Sales","nonunion",8.90499114990234,40,18.134614944458,18.0833339691162
"462",4713,44,"white","married",0,12,"not college grad",1,"nonSMSA",0,"Wholesale/Retail Trade","Sales","nonunion",4.35587787628174,32,17.480770111084,8.58333301544189
"463",4729,43,"white","married",0,8,"not college grad",1,"nonSMSA",0,"Professional Services","Laborers",NA,3.05183935165405,25,2.32051277160645,0.333333343267441
"464",4733,41,"white","married",0,13,"not college grad",1,"nonSMSA",0,"Professional Services","Other","nonunion",2.93880820274353,25,11.5192308425903,2.75
"465",4739,43,"white","married",0,13,"not college grad",0,"SMSA",0,"Finance/Ins/Real Estate","Professional/technical",NA,38.7092590332031,40,18,11.5833330154419
"466",4784,44,"white","married",0,12,"not college grad",1,"SMSA",0,"Professional Services","Laborers","nonunion",5.84540891647339,18,6.25,6.25
"467",4799,44,"white","married",0,12,"not college grad",1,"SMSA",0,"Finance/Ins/Real Estate","Managers/admin","nonunion",5.9178729057312,50,14.9294872283936,1.66666662693024
"468",4810,44,"white","married",0,12,"not college grad",1,"nonSMSA",0,"Wholesale/Retail Trade","Sales",NA,3.34448170661926,40,9.057692527771,7.83333349227905
"469",4814,44,"black","married",0,11,"not college grad",1,"nonSMSA",0,"Professional Services","Professional/technical","nonunion",4.18679332733154,40,16.480770111084,4.75
"470",4823,44,"white","married",0,12,"not college grad",1,"nonSMSA",0,"Wholesale/Retail Trade","Managers/admin","nonunion",6.79548692703247,45,18.480770111084,6.5
"471",4824,42,"black","married",0,12,"not college grad",0,"SMSA",0,"Finance/Ins/Real Estate","Sales","nonunion",5.37036895751953,39,12.75,2.33333325386047
"472",4854,42,"black","married",0,12,"not college grad",1,"nonSMSA",0,"Professional Services","Craftsmen","nonunion",3.34138298034668,20,15.8333330154419,15.8333330154419
"473",4882,44,"white","married",0,12,"not college grad",1,"nonSMSA",0,"Wholesale/Retail Trade","Sales","nonunion",2.69726133346558,40,15.5,1.75
"474",4884,42,"white","married",0,12,"not college grad",1,"SMSA",1,"Wholesale/Retail Trade","Sales","nonunion",3.34448170661926,20,6.39102554321289,1.25
"475",4903,42,"black","married",0,12,"not college grad",1,"nonSMSA",0,"Manufacturing","Operatives","nonunion",4.02576494216919,40,10.5,8.83333301544189
"476",4937,41,"black","married",0,9,"not college grad",1,"nonSMSA",0,"Manufacturing","Operatives","nonunion",4.53300952911377,40,6.10256433486938,4.08333349227905
"477",4944,44,"black","married",0,15,"not college grad",0,"SMSA",0,"Professional Services","Sales","union",7.52012586593628,35,16.115385055542,3.41666674613953
"478",4955,42,"black","married",0,11,"not college grad",1,"SMSA",1,"Professional Services","Laborers","union",3.25281572341919,40,12.692307472229,1.08333337306976
"479",4961,41,"white","married",0,13,"not college grad",1,"SMSA",1,"Finance/Ins/Real Estate","Clerical/unskilled","nonunion",4.02576494216919,20,8.96153831481934,2.41666674613953
"480",4965,41,"white","married",0,14,"not college grad",1,"SMSA",0,"Business/Repair Svc","Managers/admin","nonunion",11.417064666748,40,18,17.9166660308838
"481",4966,43,"white","married",0,12,"not college grad",1,"nonSMSA",0,"Professional Services","Sales","nonunion",3.83252692222595,38,17.5961532592773,11.75
"482",4978,44,"white","married",0,12,"not college grad",1,"nonSMSA",0,"Manufacturing","Craftsmen","nonunion",4.64573001861572,40,20.3333339691162,20.3333339691162
"483",5009,41,"white","married",0,12,"not college grad",1,"SMSA",1,"Personal Services","Laborers","nonunion",7.04508829116821,40,10.692307472229,4
"484",5010,43,"white","married",0,12,"not college grad",1,"SMSA",0,"Finance/Ins/Real Estate","Managers/admin","nonunion",21.6747150421143,50,19.9487171173096,3.5
"485",5011,42,"white","married",0,16,"college grad",1,"SMSA",1,"Manufacturing","Managers/admin","nonunion",9.76650428771973,55,13.5769233703613,4.91666650772095
"486",5018,41,"white","married",0,17,"college grad",1,"SMSA",0,"Professional Services","Sales",NA,5.36789131164551,40,24.2371788024902,4.91666650772095
"487",5021,42,"white","married",0,12,"not college grad",1,"SMSA",1,"Wholesale/Retail Trade","Sales","union",4.02576494216919,40,14.5256414413452,1.25
"488",5042,42,"white","married",0,16,"college grad",1,"nonSMSA",0,"Public Administration","Sales","nonunion",5.34621524810791,40,5.5,2
"489",5045,44,"white","married",0,13,"not college grad",1,"nonSMSA",0,"Public Administration","Managers/admin","nonunion",11.0466928482056,35,20.5833339691162,20.5833339691162
"490",5046,44,"white","married",0,12,"not college grad",1,"nonSMSA",0,"Finance/Ins/Real Estate","Sales","nonunion",5.78904867172241,40,18.8269233703613,8.33333301544189
"491",5057,44,"white","married",0,15,"not college grad",0,"SMSA",1,"Professional Services","Sales",NA,4.82748365402222,40,7.57051277160645,0.666666686534882
"492",5064,45,"white","married",0,12,"not college grad",1,"nonSMSA",0,"Manufacturing","Professional/technical",NA,5.01672267913818,40,12.6538457870483,2.58333325386047
"493",5072,41,"white","married",0,18,"college grad",1,"SMSA",0,"Professional Services","Professional/technical","nonunion",13.0193223953247,5,16.3974361419678,1.75
"494",5084,42,"white","married",0,17,"college grad",1,"nonSMSA",0,"Professional Services","Other","nonunion",5.88566637039185,50,16.7115383148193,9.91666698455811
"495",5103,44,"black","married",0,9,"not college grad",1,"nonSMSA",0,"Professional Services","Laborers","nonunion",4.53300952911377,40,17.4294872283936,13
"496",5127,41,"black","married",0,7,"not college grad",1,"nonSMSA",0,"Manufacturing","Operatives","union",4.75040054321289,38,15.9615383148193,1.41666662693024
"497",5154,44,"white","married",0,16,"college grad",1,"SMSA",0,"Professional Services","Professional/technical","nonunion",14.3236665725708,40,12.7051277160645,12.1666669845581
"498",5156,42,"white","married",0,12,"not college grad",1,"nonSMSA",0,"Business/Repair Svc","Sales","nonunion",3.82447648048401,40,18.8589744567871,9.58333301544189
